V,D,M_id,phi_ECMP_ASP,phi_IT,phi_IT_fast,phi_IT_fast_diff,time_IT,time_IT_fast,time_IT_fast_diff,attempts_IT,attempts_IT_fast,attempts_IT_fast_diff
36,5,0,0.557245129014169,1.8297691345214844,1.6996748447418213,1.6996748447418213,0.014593473000000001,0.014071441333333332,0.013575093333333335,654,545.0,545.0
36,5,1,0.49744955437921745,1.7276191711425781,1.562368631362915,1.6509112119674683,0.012947803333333334,0.012770819666666667,0.011524418333333335,546,545.0,545.0
36,5,2,0.45468715052793235,1.026623010635376,1.026623010635376,1.026623010635376,0.0015453053333333334,0.010995864333333334,0.009763662666666667,7,8.0,2.0
36,5,3,0.27226999065935137,0.27226996421813965,0.27226996421813965,0.27226996421813965,0.0014114190000000001,0.010662096333333334,0.009711476000000002,0,0.0,0.0
36,5,4,0.5918337922922267,1.5961588621139526,1.5961588621139526,1.5961588621139526,0.0016509726666666666,0.010798463333333333,0.009982607333333332,13,42.0,36.0
36,5,5,1.0216900734192729,2.9891910552978516,2.7447290420532227,2.2496893405914307,0.004524141,0.012966168333333333,0.011593169,176,625.0,545.0
36,5,6,1.318846200701608,2.6945204734802246,2.6945204734802246,2.6945204734802246,0.002384972,0.011679667,0.011348968666666667,47,202.0,302.0
36,5,7,0.852368807805241,2.1060850620269775,1.6727943420410156,1.9561907052993774,0.0018140366666666667,0.012227082333333333,0.011584394333333333,20,545.0,545.0
36,5,8,0.5402964425902071,1.1054909229278564,1.1054909229278564,1.1054909229278564,0.001532841,0.010709769000000001,0.009892315,6,8.0,1.0
36,5,9,0.4203159981116795,0.42031601071357727,0.42031601071357727,0.42031601071357727,0.0014079206666666668,0.010800195,0.009786289000000002,0,0.0,0.0
36,5,10,0.5860479389282955,1.1088355779647827,1.1088355779647827,1.1088355779647827,0.001597986,0.011051980333333334,0.009883903666666667,6,7.0,2.0
36,5,11,0.9035831875467338,2.8017444610595703,2.8017444610595703,2.589886426925659,0.0036448433333333336,0.011793379666666668,0.011699987666666668,127,182.0,546.0
36,5,12,1.3483135025652737,3.1177783012390137,2.388936758041382,2.3606784343719482,0.028151296000000003,0.012759698333333333,0.011434279666666667,831,545.0,545.0
36,5,13,0.8495297578727092,2.6164305210113525,1.8700566291809082,2.0127696990966797,0.005608536,0.012503432000000002,0.011555499000000002,227,545.0,545.0
36,5,14,0.5545227814393938,1.5153192281723022,1.5153192281723022,1.5153192281723022,0.0015823876666666667,0.010115444666666668,0.009951221333333335,10,26.0,9.0
36,5,15,0.37936366259151066,0.37936368584632874,0.37936368584632874,0.37936368584632874,0.00145389,0.009862075,0.009805535333333334,0,0.0,0.0
36,5,16,0.5550866595233933,0.8496044874191284,0.8496044874191284,0.8496044874191284,0.001487206,0.009961193666666668,0.009882966666666668,4,4.0,0.0
36,5,17,0.8695323258541579,2.3373687267303467,2.3373687267303467,2.3373687267303467,0.0019886123333333334,0.010385413333333334,0.010075700666666666,29,93.0,4.0
36,5,18,1.2538680191814477,3.0401229858398438,2.2783384323120117,2.242736339569092,0.021665013666666667,0.011874723666666668,0.011471790333333334,710,545.0,545.0
36,5,19,0.9468380702225374,2.5258700847625732,2.2426211833953857,2.171795129776001,0.003411924,0.011892885333333334,0.011748759000000003,111,545.0,545.0
36,5,20,0.6131688055201698,1.82382071018219,1.82382071018219,1.82382071018219,0.0017604620000000002,0.010557236000000003,0.010073974000000001,19,58.0,3.0
36,5,21,0.4843438659914501,0.48434391617774963,0.48434391617774963,0.48434391617774963,0.0014603573333333334,0.01036286766666667,0.009835295333333334,0,0.0,0.0
36,5,22,0.4558346198300191,0.573779821395874,0.573779821395874,0.573779821395874,0.0014223913333333334,0.010369819666666667,0.009818824666666668,1,1.0,0.0
36,5,23,0.8107863454941063,2.4233453273773193,2.4233453273773193,2.4233453273773193,0.003010028,0.011164572333333336,0.010159027333333334,110,125.0,39.0
36,5,24,1.1778998561981224,2.8901145458221436,2.423755645751953,2.2730934619903564,0.004309526,0.012369931,0.011494320666666667,143,545.0,545.0
36,5,25,1.1493285936715671,2.548485517501831,2.0963284969329834,2.089604616165161,0.0021988313333333336,0.012332828333333332,0.011606391666666667,36,545.0,545.0
36,5,26,0.703842832639588,2.011554002761841,2.011554002761841,2.011554002761841,0.0019393336666666669,0.010984745999999998,0.010257421333333334,28,87.0,59.0
36,5,27,0.43884315218396047,0.4388431906700134,0.4388431906700134,0.4388431906700134,0.0014102173333333334,0.010536453666666667,0.009857069666666668,0,0.0,0.0
36,5,28,0.37465060757460555,0.47108468413352966,0.47108468413352966,0.47108468413352966,0.001419843,0.010470837000000002,0.009756871333333333,1,1.0,0.0
36,5,29,0.6745329467780876,2.2854435443878174,2.2854435443878174,2.2854435443878174,0.0022517210000000004,0.011504878666666668,0.010142797,42,195.0,55.0
36,5,30,1.0201419326649814,2.9763667583465576,2.451263666152954,2.311089277267456,0.0062381070000000005,0.012783781666666667,0.011519831000000001,261,545.0,545.0
36,5,31,1.1123844777863052,2.505267381668091,2.2068138122558594,2.2058603763580322,0.002203370666666667,0.012660252000000002,0.011584180666666668,40,545.0,545.0
36,5,32,0.9291751235908895,1.5603848695755005,1.5603848695755005,1.5603848695755005,0.001604172,0.010065905333333333,0.009924471666666665,10,14.0,1.0
36,5,33,0.6773118072082502,0.815467894077301,0.815467894077301,0.815467894077301,0.0015314483333333335,0.009865335666666667,0.010027942333333333,1,1.0,0.0
36,5,34,0.4586722685430851,0.45867228507995605,0.45867228507995605,0.45867228507995605,0.0014005283333333334,0.009815392666666667,0.009807799333333334,0,0.0,0.0
36,5,35,0.5783580924802929,1.3074538707733154,1.3074538707733154,1.3074538707733154,0.0015979696666666668,0.009948220333333334,0.009936518666666666,10,16.0,0.0
36,5,36,0.8758440815593809,2.8636937141418457,2.8636937141418457,2.631448984146118,0.0035204353333333333,0.013538414333333334,0.011831584666666667,114,791.0,553.0
36,5,37,1.0145458888761498,3.1631925106048584,2.38448166847229,2.458266019821167,0.019917835666666668,0.011865319333333332,0.011722513333333332,437,551.0,545.0
36,5,38,0.8732460375503803,2.168259382247925,1.9157480001449585,1.9348490238189697,0.001799039,0.011655312666666667,0.011680949000000001,19,545.0,545.0
36,5,39,0.6456688609804765,1.6715725660324097,1.6715725660324097,1.6715725660324097,0.0016974316666666669,0.010171576,0.010234888999999999,14,40.0,37.0
36,5,40,0.515879893154554,0.5158799290657043,0.5158799290657043,0.5158799290657043,0.0014323053333333334,0.009933184999999999,0.009797598666666667,0,0.0,0.0
36,5,41,0.5679932750719924,0.8043177723884583,0.8043177723884583,0.8043177723884583,0.0014731566666666667,0.009868982333333333,0.009927253666666669,3,3.0,0.0
36,5,42,0.831869696684983,2.4693551063537598,2.4693551063537598,2.4693551063537598,0.0031722800000000004,0.010884829666666667,0.010145425000000001,110,198.0,45.0
36,5,43,1.213955169652194,3.1613407135009766,2.4205069541931152,2.4352309703826904,0.005524516,0.011656878333333334,0.011601067,223,545.0,545.0
36,5,44,0.9830457481478257,2.493772506713867,2.3189640045166016,2.174034357070923,0.0021400236666666668,0.011654234666666666,0.011662438333333336,33,545.0,545.0
36,5,45,0.6811810022616023,1.4736601114273071,1.4736601114273071,1.4736601114273071,0.0016046953333333335,0.010101896666666667,0.010060013666666668,10,19.0,1.0
36,5,46,0.5130134597017739,0.5130134224891663,0.5130134224891663,0.5130134224891663,0.0014166236666666666,0.010041728,0.009988767,0,0.0,0.0
36,5,47,0.381750960355901,0.4621987044811249,0.4621987044811249,0.4621987044811249,0.0014735066666666668,0.009933703,0.009834154,1,1.0,0.0
36,5,48,0.6351262581983449,1.9731545448303223,1.9731545448303223,1.9731545448303223,0.001835683,0.010369047000000001,0.010059962666666667,21,89.0,5.0
36,5,49,1.0123640854037155,2.805818557739258,2.44838285446167,2.322509288787842,0.003873511666666667,0.011759455000000002,0.011582266,113,545.0,545.0
36,5,50,1.2758960520661577,2.5885727405548096,2.5885727405548096,2.3392045497894287,0.002656642666666667,0.011811438,0.011684781333333333,38,459.0,545.0
36,5,51,0.9338146376538348,1.7283259630203247,1.7283259630203247,1.7283259630203247,0.0020672466666666668,0.010171359333333333,0.010053621666666667,11,26.0,0.0
36,5,52,0.5263468402294322,0.7258075475692749,0.7258075475692749,0.7258075475692749,0.0017436433333333334,0.009928634666666667,0.009909524333333334,2,2.0,0.0
36,5,53,0.3140967188893204,0.31409668922424316,0.31409668922424316,0.31409668922424316,0.0017415673333333334,0.009887817333333333,0.009759584000000002,0,0.0,0.0
36,5,54,0.6266247049817711,1.771343469619751,1.771343469619751,1.771343469619751,0.0020325070000000002,0.011133245,0.010074287333333334,14,362.0,27.0
36,5,55,1.0132339447811363,2.8251359462738037,2.6583340167999268,2.540045738220215,0.004358016333333333,0.012168364666666667,0.011657576333333334,129,624.0,545.0
36,5,56,1.4292611400382187,2.9227678775787354,2.5997743606567383,2.4722397327423096,0.005290283333333334,0.011941349000000002,0.011731081333333336,168,558.0,545.0
36,5,57,0.9271313213499183,2.155153274536133,1.688508152961731,1.9734668731689453,0.0023263313333333337,0.011771714666666669,0.011630997333333335,23,545.0,545.0
36,5,58,0.5145727490238937,1.1019721031188965,1.1019721031188965,1.1019721031188965,0.0019703586666666665,0.010136986666666667,0.009944773666666667,7,19.0,0.0
36,5,59,0.32761450096971506,0.32761454582214355,0.32761454582214355,0.32761454582214355,0.0018462,0.009870368,0.009875251333333333,0,0.0,0.0
36,5,60,0.5539492744608564,1.6230295896530151,1.6230295896530151,1.6230295896530151,0.0021873906666666667,0.010226598666666668,0.010037005333333335,17,63.0,1.0
36,5,61,0.6753860371619285,2.174628734588623,2.0814802646636963,1.9247795343399048,0.003932542333333334,0.011702810666666669,0.011585474666666666,111,545.0,545.0
36,5,62,0.6319890035425104,1.287041425704956,1.287041425704956,1.287041425704956,0.0021137073333333334,0.010194795333333334,0.010025084333333333,13,35.0,4.0
36,5,63,0.37976406867982454,0.37976405024528503,0.37976405024528503,0.37976405024528503,0.0017834973333333336,0.009905200000000001,0.009992523333333335,0,0.0,0.0
