topo,V,D,EPR,traffic,ave_phi,std_phi,ave_time[s],std_time[s],ave_PeakRAM[B],std_PeakRAM[B]
DDF,36,5,3,uniform,6.766034327009936,0.0,0.0408930778503418,0.0007789976915488749,286248,35.77708763999664
DDF,36,5,3,shift-half,1.6666666666666667,0.0,0.02219114303588867,0.0001925738609976085,286236.8,10.73312629199899
DDF,36,5,3,nearst-neighbour,9.907407407407407,0.0,0.02423243522644043,0.005620167649166594,286236.8,10.73312629199899
DDF,36,5,3,shift-1,5.0,0.0,0.021604204177856447,0.0003396722059888114,286236.8,10.73312629199899
DDF,36,5,3,router-cluster,2.407407407407407,0.0,0.022030162811279296,0.00024382437585661386,286236.8,10.73312629199899
DDF,36,5,3,random-permute,10.0,0.0,0.02173480987548828,0.0004017197622920161,286236.8,10.73312629199899
DDF,114,8,4,uniform,7.43838028169014,0.0,0.34731316566467285,0.00393275382391388,4624060.8,10.73312629199899
DDF,114,8,4,shift-half,0.8333333333333334,0.0,0.27768807411193847,0.008336871508913817,4624060.8,10.73312629199899
DDF,114,8,4,nearst-neighbour,9.978070175438596,0.0,0.2799853324890137,0.0035064581556101784,4624060.8,10.73312629199899
DDF,114,8,4,shift-1,5.0,0.0,0.27923922538757323,0.010978859362568668,4624060.8,10.73312629199899
DDF,114,8,4,router-cluster,2.2967479674796754,0.0,0.2854121685028076,0.007642816222131938,4624060.8,10.73312629199899
DDF,114,8,4,random-permute,10.0,0.0,0.2769293308258057,0.005598433695773603,4624060.8,10.73312629199899
DDF,264,11,6,uniform,6.594514430447255,0.0,2.615600824356079,0.07093339337683732,25977956.8,10.73312629199899
DDF,264,11,6,shift-half,0.8333333333333379,0.0,2.0108510494232177,0.04603219137609007,25977956.8,10.73312629199899
DDF,264,11,6,nearst-neighbour,9.993686868686869,0.0,1.954181957244873,0.12692229089165197,25977939.2,43.30357952871795
DDF,264,11,6,shift-1,5.0,0.0,1.998288059234619,0.07324242011696258,25977956.8,10.73312629199899
DDF,264,11,6,router-cluster,1.9249512670565312,0.0,2.0272212505340574,0.05919779033456531,25977956.8,10.73312629199899
DDF,264,11,6,random-permute,10.0,0.0,1.9967846393585205,0.04252273981854272,25977956.8,10.73312629199899
Slimfly,18,5,3,uniform,8.412698412698411,0.0,0.006646537780761718,0.00012672666303212036,37460.8,10.73312629199899
Slimfly,18,5,3,shift-half,3.3333333333333335,0.0,0.005919361114501953,7.481018833471776e-05,37460.8,10.73312629199899
Slimfly,18,5,3,nearst-neighbour,9.814814814814815,0.0,0.006066131591796875,0.0005079740841464382,37460.8,10.73312629199899
Slimfly,18,5,3,shift-1,10.0,0.0,0.005820655822753906,5.208793944141028e-05,37460.8,10.73312629199899
Slimfly,18,5,3,router-cluster,6.419753086419753,0.0,0.005852460861206055,3.4089271530511304e-05,37460.8,10.73312629199899
Slimfly,18,5,3,random-permute,10.0,0.0,0.005788326263427734,1.5711223580710026e-05,37460.8,10.73312629199899
Slimfly,32,6,3,uniform,10.0,0.0,0.011264848709106445,3.572398305799303e-05,156264,35.77708763999664
Slimfly,32,6,3,shift-half,1.6666666666666667,0.0,0.010714435577392578,8.292573829289275e-05,156252.8,10.73312629199899
Slimfly,32,6,3,nearst-neighbour,9.895833333333334,0.0,0.01071338653564453,4.248783641415367e-05,156252.8,10.73312629199899
Slimfly,32,6,3,shift-1,10.0,0.0,0.010714101791381835,0.00016979256605044644,156252.8,10.73312629199899
Slimfly,32,6,3,router-cluster,10.000000000000002,0.0,0.010916471481323242,0.000137747352844756,156252.8,10.73312629199899
Slimfly,32,6,3,random-permute,10.0,0.0,0.010591077804565429,9.405505671693209e-05,156252.8,10.73312629199899
Slimfly,50,7,4,uniform,9.56730769230769,0.0,0.017407560348510744,0.00018329943811359295,474659.2,25.043961347997644
Slimfly,50,7,4,shift-half,2.5,0.0,0.030999755859375,0.02969681599726639,474648,0.0
Slimfly,50,7,4,nearst-neighbour,9.95,0.0,0.017575597763061522,0.00030028612284530384,474648,0.0
Slimfly,50,7,4,shift-1,5.0,0.0,0.01800112724304199,0.0015227031572925553,487225.6,28124.368593801355
Slimfly,50,7,4,router-cluster,7.65625,0.0,0.01734437942504883,0.00032078254522871226,474648,0.0
Slimfly,50,7,4,random-permute,10.0,0.0,0.018704032897949217,0.0025984687081326893,474648,0.0
Slimfly,98,11,6,uniform,8.581871345029231,0.0,0.14482331275939941,0.029059013995287396,2500342.4,38.1156135986291
Slimfly,98,11,6,shift-half,1.6666666666666663,0.0,0.14052720069885255,0.03983300909219978,2500360,55.42562584220407
Slimfly,98,11,6,nearst-neighbour,9.982993197278912,0.0,0.11431026458740234,0.006902087324436524,2500324.8,10.73312629199899
Slimfly,98,11,6,shift-1,10.0,0.0,0.14970383644104004,0.03487875392386799,2500377.6,53.48644688142969
Slimfly,98,11,6,router-cluster,6.759259259259257,0.0,0.12992172241210936,0.03694029770086631,2500342.4,38.1156135986291
Slimfly,98,11,6,random-permute,10.0,0.0,0.13877010345458984,0.03126086535725071,2500360,55.42562584220407
Slimfly,128,12,6,uniform,9.68434343434342,0.0,0.20059661865234374,0.046249043463817315,4135296,44.8998886412873
Slimfly,128,12,6,shift-half,0.8333333333333334,0.0,0.18912200927734374,0.03790700961788975,4135296,44.8998886412873
Slimfly,128,12,6,nearst-neighbour,9.986979166666666,0.0,0.18908047676086426,0.042835000709351735,4135296,55.42562584220407
Slimfly,128,12,6,shift-1,10.0,0.0,0.20540151596069336,0.04415661076055506,4135313.6,53.48644688142969
Slimfly,128,12,6,router-cluster,8.84259259259258,0.0,0.20474505424499512,0.04356101917643966,4135313.6,42.48293775152561
Slimfly,128,12,6,random-permute,10.0,0.0,0.19934697151184083,0.03998732824465546,4135313.6,42.48293775152561
Slimfly,162,13,7,uniform,9.248979591836747,0.0,0.27893576622009275,0.03859009553333369,6724139.2,43.30357952871795
Slimfly,162,13,7,shift-half,1.4285714285714277,0.0,0.28124337196350097,0.03787194473404417,6724139.2,43.30357952871795
Slimfly,162,13,7,nearst-neighbour,9.991181657848324,0.0,0.2495490550994873,0.05097256727337814,6724104,44.8998886412873
Slimfly,162,13,7,shift-1,10.0,0.0,0.28078389167785645,0.0394149615936774,6724139.2,43.30357952871795
Slimfly,162,13,7,router-cluster,7.055204147935977,0.0,0.27979211807250975,0.03842127707700171,6724139.2,43.30357952871795
Slimfly,162,13,7,random-permute,10.0,0.0,0.24655871391296386,0.04273531840194202,6724104,44.8998886412873
Slimfly,242,17,9,uniform,8.669852648347385,0.0,0.8936890125274658,0.06424798475808574,15912851.2,43.30357952871795
Slimfly,242,17,9,shift-half,1.1111111111111196,0.0,0.7930004119873046,0.022717612533618595,15912868.8,10.73312629199899
Slimfly,242,17,9,nearst-neighbour,9.995408631772268,0.0,0.7698185920715332,0.06315379547696083,15912851.2,43.30357952871795
Slimfly,242,17,9,shift-1,10.0,0.0,0.8037214756011963,0.021041300692782396,15912868.8,10.73312629199899
Slimfly,242,17,9,router-cluster,6.623948442130262,0.0,0.7659883975982666,0.05913057511754594,15912851.2,43.30357952871795
Slimfly,242,17,9,random-permute,10.0,0.0,0.7959646224975586,0.014264455667316184,15912868.8,10.73312629199899
Polarfly,13,4,2,uniform,10.0,0.0,0.00212554931640625,0.00015000237110985947,14064,0.0
Polarfly,13,4,2,shift-half,5.0,0.0,0.0021921634674072266,5.101756499024396e-05,14064,0.0
Polarfly,13,4,2,nearst-neighbour,6.410256410256411,0.0,0.002176713943481445,5.50430483554046e-05,14064,0.0
Polarfly,13,4,2,shift-1,5.0,0.0,0.0020951747894287108,0.00013993763162395848,14064,0.0
Polarfly,13,4,2,router-cluster,2.8846153846153846,0.0,0.002045726776123047,0.00012961735196927174,14064,0.0
Polarfly,13,4,2,random-permute,10.0,0.0,0.0020704269409179688,0.0001972477553516036,14064,0.0
Polarfly,31,6,3,uniform,10.0,0.0,0.006702232360839844,0.000338970075195972,124053.6,13849.310625442697
Polarfly,31,6,3,shift-half,2.5,0.0,0.006531476974487305,0.00010715144746326115,117860,0.0
Polarfly,31,6,3,nearst-neighbour,6.594982078853047,0.0,0.006516742706298828,0.00011810306835081438,117860,0.0
Polarfly,31,6,3,shift-1,5.0,0.0,0.006549024581909179,7.882819170515278e-05,117860,0.0
Polarfly,31,6,3,router-cluster,3.627240143369176,0.0,0.006546878814697265,5.118108930727094e-05,117860,0.0
Polarfly,31,6,3,random-permute,10.0,0.0,0.00684356689453125,0.0006632091376201576,117860,0.0
Polarfly,57,8,4,uniform,9.999999999999998,0.0,0.03305530548095703,0.02235575219225469,708947.2,25.043961347997644
Polarfly,57,8,4,shift-half,2.5,0.0,0.022999906539916994,0.0003288203923212324,708936,0.0
Polarfly,57,8,4,nearst-neighbour,6.637426900584796,0.0,0.032338953018188475,0.021096516861632334,708936,0.0
Polarfly,57,8,4,shift-1,5.0,0.0,0.03311243057250977,0.02181237567950993,708936,0.0
Polarfly,57,8,4,router-cluster,2.916666666666667,0.0,0.032783126831054686,0.02195406939162322,708936,0.0
Polarfly,57,8,4,random-permute,10.0,0.0,0.022780418395996094,0.00026496607786260053,708936,0.0
Polarfly,91,10,5,uniform,9.999999999999998,0.0,0.07093243598937989,0.02556137294869392,1897920,0.0
Polarfly,91,10,5,shift-half,1.6666666666666665,0.0,0.07075896263122558,0.02546496057463299,1897920,0.0
Polarfly,91,10,5,nearst-neighbour,6.652014652014652,0.0,0.0706286907196045,0.025490857229592198,1897920,0.0
Polarfly,91,10,5,shift-1,5.0,0.0,0.059899520874023435,0.0005728053227728101,1897920,0.0
Polarfly,91,10,5,router-cluster,3.090598290598291,0.0,0.05960316658020019,0.0007457480173259252,1897920,0.0
Polarfly,91,10,5,random-permute,10.0,0.0,0.060282325744628905,0.001371664144897918,1897920,0.0
Polarfly,133,12,6,uniform,10.0,0.0,0.17507834434509278,0.03964724652071073,4120616,0.0
Polarfly,133,12,6,shift-half,1.666666666666666,0.0,0.17172718048095703,0.037791189534906455,4120616,0.0
Polarfly,133,12,6,nearst-neighbour,6.6583124477861295,0.0,0.14372310638427735,0.03147675253958176,4120616,0.0
Polarfly,133,12,6,shift-1,5.0,0.0,0.15629043579101562,0.035773107834131034,4120616,0.0
Polarfly,133,12,6,router-cluster,2.7431077694235584,0.0,0.1730130672454834,0.03816301775446278,4120616,0.0
Polarfly,133,12,6,random-permute,10.0,0.0,0.15968966484069824,0.03609181361951774,4120616,0.0
Polarfly,183,14,7,uniform,10.0,0.0,0.3167132377624512,0.040739232310345014,8084048,0.0
Polarfly,183,14,7,shift-half,1.25,0.0,0.288498592376709,0.05103232653535035,8084048,0.0
Polarfly,183,14,7,nearst-neighbour,6.661462399167319,0.0,0.31471714973449705,0.04034027375362237,8084048,0.0
Polarfly,183,14,7,shift-1,5.0,0.0,0.29610519409179686,0.04345745013365759,8084048,0.0
Polarfly,183,14,7,router-cluster,2.7104674812938434,0.0,0.3115816593170166,0.0371390812608033,8084048,0.0
Polarfly,183,14,7,random-permute,10.0,0.0,0.29900617599487306,0.04505598174628861,8084048,0.0
RRG,13,4,2,uniform,9.868421052631577,0.0,0.005824470520019531,0.00020378140988557133,16692.8,10.73312629199899
RRG,13,4,2,shift-half,5.0,0.0,0.0052798748016357425,4.245779049419591e-05,16692.8,10.73312629199899
RRG,13,4,2,nearst-neighbour,6.410256410256411,0.0,0.004748153686523438,0.00012441457276079657,16692.8,10.73312629199899
RRG,13,4,2,shift-1,5.0,0.0,0.004798460006713867,5.421897450874453e-05,16692.8,10.73312629199899
RRG,13,4,2,router-cluster,3.8461538461538467,0.0,0.00485377311706543,6.519699796967092e-05,16692.8,10.73312629199899
RRG,13,4,2,random-permute,10.0,0.0,0.004726696014404297,4.718923479827254e-05,16692.8,10.73312629199899
RRG,18,5,3,uniform,7.681159420289857,0.0,0.010980701446533203,4.401894016719907e-05,50212.8,10.73312629199899
RRG,18,5,3,shift-half,3.3333333333333326,0.0,0.008474254608154297,3.772464562623283e-05,50212.8,10.73312629199899
RRG,18,5,3,nearst-neighbour,9.814814814814815,0.0,0.00854487419128418,2.9406977060099947e-05,50212.8,10.73312629199899
RRG,18,5,3,shift-1,10.0,0.0,0.008837318420410157,0.0006191218800822656,50212.8,10.73312629199899
RRG,18,5,3,router-cluster,6.419753086419753,0.0,0.009605789184570312,0.0009188157526328163,56932.8,15023.697121547679
RRG,18,5,3,random-permute,10.0,0.0,0.00806727409362793,5.4857156757499146e-05,50212.8,10.73312629199899
RRG,31,6,3,uniform,9.658792650918647,0.0,0.07285103797912598,0.00044796004237889256,298336,35.77708763999664
RRG,31,6,3,shift-half,3.3333333333333335,0.0,0.02911214828491211,0.0011796989649014119,310510.4,27245.148647052745
RRG,31,6,3,nearst-neighbour,9.89247311827957,0.0,0.028008699417114258,0.00010256918569536952,298324.8,10.73312629199899
RRG,31,6,3,shift-1,10.0,0.0,0.028652095794677736,0.0015664550859696268,310532.8,27308.65099560943
RRG,31,6,3,router-cluster,8.0605336519315,0.0,0.030877161026000976,0.0014022348637071132,310510.4,27245.148647052745
RRG,31,6,3,random-permute,10.0,0.0,0.02751760482788086,0.0007588710829819298,298324.8,10.73312629199899
RRG,32,6,3,uniform,9.595959595959597,0.0,0.08794937133789063,0.021266314980010585,305961.6,46.095552930841386
RRG,32,6,3,shift-half,1.6666666666666667,0.0,0.027870368957519532,0.0006889227970651433,305932.8,10.73312629199899
RRG,32,6,3,nearst-neighbour,6.597222222222221,0.0,0.02785348892211914,0.00014949938096833407,305932.8,10.73312629199899
RRG,32,6,3,shift-1,5.0,0.0,0.02745981216430664,0.00016599596293131482,305932.8,10.73312629199899
RRG,32,6,3,router-cluster,6.388888888888888,0.0,0.029953479766845703,0.000937713456370338,318398.4,27884.662106613378
RRG,32,6,3,random-permute,10.0,0.0,0.027914905548095705,0.0014162897497248218,318409.6,27896.291595837607
RRG,36,5,3,uniform,6.742951907131012,0.0,0.13961620330810548,0.001822271486082534,452944,22906.30655518257
RRG,36,5,3,shift-half,1.6666666666666667,0.0,0.03933281898498535,0.0003462977704428502,442684.8,10.73312629199899
RRG,36,5,3,nearst-neighbour,9.907407407407405,0.0,0.043386983871459964,0.006408279343521145,452944,22951.00172105784
RRG,36,5,3,shift-1,5.0,0.0,0.039272212982177736,0.00034900940164487774,442684.8,10.73312629199899
RRG,36,5,3,router-cluster,5.777777777777779,0.0,0.05487589836120606,0.02277874051810066,442702.4,38.1156135986291
RRG,36,5,3,random-permute,10.0,0.0,0.0391181468963623,0.0012469647782640382,452932.8,22912.543708632613
RRG,50,7,4,uniform,8.228969754253296,0.0,0.7137678623199463,0.026341267726426826,1022366.4,38.1156135986291
RRG,50,7,4,shift-half,1.25,0.0,0.08092575073242188,0.0016984735961027742,1022371.2,48.53040284192992
RRG,50,7,4,nearst-neighbour,6.633333333333334,0.0,0.09497270584106446,0.030649115893107263,1022366.4,38.1156135986291
RRG,50,7,4,shift-1,5.0,0.0,0.09307470321655273,0.026344984323223422,1022366.4,38.1156135986291
RRG,50,7,4,router-cluster,5.568181818181821,0.0,0.09269318580627442,0.0065043490077164685,1022348.8,10.73312629199899
RRG,50,7,4,random-permute,10.0,0.0,0.07984533309936523,0.0009965662120725318,1022348.8,10.73312629199899
RRG,57,8,4,uniform,9.511173184357538,0.0,1.8244036197662354,0.03427338417579476,1621104,55.42562584220407
RRG,57,8,4,shift-half,2.5,0.0,0.1299677848815918,0.001226375803725108,1621068.8,10.73312629199899
RRG,57,8,4,nearst-neighbour,9.956140350877194,0.0,0.14149155616760253,0.0270397337233948,1621086.4,38.1156135986291
RRG,57,8,4,shift-1,10.000000000000002,0.0,0.12994894981384278,0.00173489469829353,1621068.8,10.73312629199899
RRG,57,8,4,router-cluster,6.999999999999998,0.0,0.16604914665222167,0.02950928650116214,1621086.4,38.1156135986291
RRG,57,8,4,random-permute,10.0,0.0,0.13825607299804688,0.02293192020563011,1621086.4,50.08792269599529
RRG,91,10,5,uniform,9.261152208025113,0.0,3.469465637207031,0.05344703327507944,4867659.2,28.621670111997307
RRG,91,10,5,shift-half,1.25,0.0,0.450669002532959,0.03839074806129114,4867606.4,50.08792269599529
RRG,91,10,5,nearst-neighbour,9.978021978021983,0.0,0.5062124252319335,0.04191390188519792,4867659.2,43.30357952871795
RRG,91,10,5,shift-1,10.0,0.0,0.54376220703125,0.0128279274239635,4867676.8,10.73312629199899
RRG,91,10,5,router-cluster,7.417435897435897,0.0,0.6004493713378907,0.04203407237504943,4867624,44.8998886412873
RRG,91,10,5,random-permute,10.0,0.0,0.49483351707458495,0.03928176825834622,4867659.2,43.30357952871795
RRG,98,11,6,uniform,8.627362760817158,0.0,5.601753997802734,0.0820359052422056,6096809.6,42.48293775152561
RRG,98,11,6,shift-half,0.8333333333333331,0.0,0.6011545658111572,0.0668568172345538,6096792,44.8998886412873
RRG,98,11,6,nearst-neighbour,9.982993197278912,0.0,0.6261978149414062,0.05545828595083602,6096809.6,53.48644688142969
RRG,98,11,6,shift-1,5.000000000000002,0.0,0.6149976253509521,0.06139826723515342,6096809.6,53.48644688142969
RRG,98,11,6,router-cluster,5.793650793650794,0.0,0.6731584072113037,0.06397425739730792,6096809.6,53.48644688142969
RRG,98,11,6,random-permute,10.0,0.0,0.6185401916503906,0.05825683345744944,6096809.6,53.48644688142969
RRG,114,8,4,uniform,8.105700712589075,0.0,6.228789567947388,0.06731770813966714,6419681.6,53.48644688142969
RRG,114,8,4,shift-half,1.25,0.0,0.5958480834960938,0.07004112577490981,6419681.6,53.48644688142969
RRG,114,8,4,nearst-neighbour,9.978070175438603,0.0,0.5998977661132813,0.0697415996486656,6419681.6,53.48644688142969
RRG,114,8,4,shift-1,4.999999999999999,0.0,0.5902205467224121,0.07157619170048726,6419681.6,42.48293775152561
RRG,114,8,4,router-cluster,6.420454545454547,0.0,0.7068246364593506,0.061824973006165206,6419681.6,53.48644688142969
RRG,114,8,4,random-permute,10.0,0.0,0.5641800880432128,0.06543588786252044,6419664,44.8998886412873
RRG,128,12,6,uniform,9.17395529640428,0.0,14.803095722198487,0.1420118287208077,11265811.2,28.621670111997307
RRG,128,12,6,shift-half,1.6666666666666667,0.0,1.1618931770324707,0.09345222926127378,11265811.2,43.30357952871795
RRG,128,12,6,nearst-neighbour,6.657986111111112,0.0,1.1453917980194093,0.09142755677123508,11265793.6,53.48644688142969
RRG,128,12,6,shift-1,5.0,0.0,1.1420345306396484,0.12244077680121729,11265793.6,42.48293775152561
RRG,128,12,6,router-cluster,6.631944444444436,0.0,1.4508573055267333,0.08609101219618097,11265793.6,53.48644688142969
RRG,128,12,6,random-permute,10.0,0.0,1.1226223945617675,0.11029030572194615,11265793.6,42.48293775152561
RRG,133,12,6,uniform,9.10098564461844,0.0,15.724522352218628,0.11800429819730417,12269345.6,42.48293775152561
RRG,133,12,6,shift-half,1.6666666666666647,0.0,1.2700673580169677,0.08799568067486249,12269363.2,43.30357952871795
RRG,133,12,6,nearst-neighbour,6.658312447786133,0.0,1.1915924549102783,0.11290081564953813,12269328,44.8998886412873
RRG,133,12,6,shift-1,5.000000000000001,0.0,1.236475419998169,0.12961240123667025,12269345.6,42.48293775152561
RRG,133,12,6,router-cluster,6.8577694235588975,0.0,1.5252994537353515,0.10168319788449061,12269328,55.42562584220407
RRG,133,12,6,random-permute,10.0,0.0,1.2327776432037354,0.11906346327580036,12269345.6,53.48644688142969
RRG,162,13,7,uniform,8.355504041012418,0.0,35.10957546234131,0.14502733886802033,19648249.6,53.48644688142969
RRG,162,13,7,shift-half,0.7142857142857147,0.0,1.9986294746398925,0.053520138774265376,19648284.8,10.73312629199899
RRG,162,13,7,nearst-neighbour,9.991181657848307,0.0,2.0608437061309814,0.052874131267883366,19648284.8,10.73312629199899
RRG,162,13,7,shift-1,9.999999999999966,0.0,2.0017160415649413,0.09677947082584068,19648284.8,10.73312629199899
RRG,162,13,7,router-cluster,5.7449519490335765,0.0,2.4810988903045654,0.11621580370885698,19648267.2,43.30357952871795
RRG,162,13,7,random-permute,10.0,0.0,1.903338861465454,0.14081446340986684,19648249.6,53.48644688142969
RRG,183,14,7,uniform,8.990316526384875,0.0,64.5135353565216,0.08204414047719527,26294684.8,10.73312629199899
RRG,183,14,7,shift-half,1.2500000000000022,0.0,2.5339332580566407,0.1280519121845172,26294632,55.42562584220407
RRG,183,14,7,nearst-neighbour,9.99219359875098,0.0,2.76250638961792,0.10313310507761485,26294684.8,10.73312629199899
RRG,183,14,7,shift-1,5.0,0.0,2.8301013469696046,0.05352598037745035,26294684.8,10.73312629199899
RRG,183,14,7,router-cluster,7.22791328345024,0.0,5.696180009841919,0.06427312640080066,26294684.8,10.73312629199899
RRG,183,14,7,random-permute,10.0,0.0,2.8161572933197023,0.05609568834146887,26294684.8,10.73312629199899
RRG,242,17,9,uniform,8.60333790580705,0.0,322.5814560413361,1.615838847139905,53741041.6,53.48644688142969
RRG,242,17,9,shift-half,0.5555555555555598,0.0,5.461828947067261,0.40407395608871327,53741041.6,53.48644688142969
RRG,242,17,9,nearst-neighbour,6.663605754514862,0.0,5.51218843460083,0.32949564388532526,53741059.2,43.30357952871795
RRG,242,17,9,shift-1,5.0,0.0,5.316688060760498,0.2638818634538571,53741041.6,53.48644688142969
RRG,242,17,9,router-cluster,7.441719854738954,0.0,26.148657941818236,0.1851548616379683,53741059.2,43.30357952871795
RRG,242,17,9,random-permute,10.0,0.0,5.471251726150513,0.3018176126760129,53741059.2,43.30357952871795
RRG,264,11,6,uniform,7.119419572335993,0.0,361.6026798248291,0.5576865124168339,39484049.6,53.48644688142969
RRG,264,11,6,shift-half,0.8333333333333339,0.0,3.676967906951904,0.17425047185127504,39484067.2,43.30357952871795
RRG,264,11,6,nearst-neighbour,9.993686868686812,0.0,3.7619025707244873,0.11449111313671412,39484084.8,10.73312629199899
RRG,264,11,6,shift-1,5.0,0.0,3.6243309497833254,0.232558779182784,39484049.6,53.48644688142969
RRG,264,11,6,router-cluster,7.182897505260008,0.0,176.43452887535096,0.2728118527514859,39484067.2,43.30357952871795
RRG,264,11,6,random-permute,10.0,0.0,3.7353625297546387,0.1099062383827781,39484084.8,10.73312629199899
