V,D,perturbation_rate,repetition_id,MD_MP_phis_training,Nexullance_MP_APST_original_phis,ECMP_ASP_phis
36,5,0.1,0,7.17021008891032,7.025322314867158,5.089952366901651
36,5,0.1,1,7.166053796410744,7.040441979432838,5.0722616173556565
36,5,0.1,2,7.165108761568829,7.042020583261661,5.1044408526344105
36,5,0.1,3,7.172105897089925,7.040048001402907,5.086610371585916
36,5,0.1,4,7.174180682690937,7.041622715678698,5.083841013620715
36,5,0.1,5,7.166954762878105,7.015571996017676,5.097629347001655
36,5,0.1,6,7.171891058068491,6.995034523390434,5.093125632649094
36,5,0.1,7,7.160736433493777,7.025226423505184,5.093862390780783
36,5,0.1,8,7.168874847316833,7.036379211125175,5.095940210480235
36,5,0.1,9,7.169971650919399,7.0251868425669715,5.09160139673693
36,5,0.2,0,7.16135668551524,6.881746341839284,5.059705742632303
36,5,0.2,1,7.1691708936614384,6.881503936676787,5.024768183935864
36,5,0.2,2,7.157677413720186,6.879639868219145,5.036184115418323
36,5,0.2,3,7.1486435005615245,6.817935791783428,5.002345486806682
36,5,0.2,4,7.152851904443076,6.8462816427082815,5.034796019717889
36,5,0.2,5,7.163202350133658,6.837461812923936,5.045386360016055
36,5,0.2,6,7.158281567496423,6.864575881451941,5.04082816497608
36,5,0.2,7,7.15222275642061,6.932223539129674,5.05569945957276
36,5,0.2,8,7.151425902914538,6.84284877300283,5.012568946253094
36,5,0.2,9,7.156266920232681,6.943089061614632,4.987866085809646
36,5,0.3,0,7.151291903216543,6.660115881004906,4.869194646424047
36,5,0.3,1,7.149725824765393,6.7032227433216,4.939093686942103
36,5,0.3,2,7.140461113771458,6.858896590827463,5.002444286837066
36,5,0.3,3,7.153211417058452,6.806129085482929,4.952572099040873
36,5,0.3,4,7.154570797748231,6.860965788919026,4.967523551749732
36,5,0.3,5,7.138740357859554,6.854027186344303,5.033221049747671
36,5,0.3,6,7.141961495471706,6.8323025586955675,4.968521112983915
36,5,0.3,7,7.155864524459021,6.628459075855104,4.926593679644937
36,5,0.3,8,7.138956418165994,6.757909418547628,4.971358487917901
36,5,0.3,9,7.136315803565832,6.749824182012329,4.945496472891912
36,5,0.4,0,7.123103706376844,6.481106724867516,4.938433050750617
36,5,0.4,1,7.1410161397003735,6.654725578103841,4.944033373173919
36,5,0.4,2,7.148366266899206,6.651684151619556,4.955650674878897
36,5,0.4,3,7.127803179671462,6.617413330167231,4.8800315435968855
36,5,0.4,4,7.130683043284389,6.7243145665881,4.952992380987029
36,5,0.4,5,7.109358309073607,6.509166002921739,4.891491816434452
36,5,0.4,6,7.131691564165245,6.682574263287901,4.920064750634334
36,5,0.4,7,7.123553053523464,6.6324367850107,4.892874570229531
36,5,0.4,8,7.134836424884609,6.69954192017206,4.928547415263825
36,5,0.4,9,7.130753235732822,6.621384240186931,4.932374597794371
36,5,0.5,0,7.106817118261358,6.333167844663681,4.867066399438448
36,5,0.5,1,7.117090128217223,6.655464646493935,4.963931362779179
36,5,0.5,2,7.085952556251581,6.420341759009638,4.868924117835721
36,5,0.5,3,7.117408973168381,6.508195972249177,4.845799108054332
36,5,0.5,4,7.143116436295663,6.4054229360284305,4.815774775062847
36,5,0.5,5,7.111013924341201,6.472713015701786,4.815914711781861
36,5,0.5,6,7.114933597901807,6.5062112437281465,4.839921557822136
36,5,0.5,7,7.125249771252317,6.462706866158749,4.916572170368607
36,5,0.5,8,7.118679826114914,6.471953543116551,4.917775890171085
36,5,0.5,9,7.121317607004,6.430173016606914,4.9779576133755095
36,5,0.6,0,7.116445017966004,6.519506477359858,4.840786411186815
36,5,0.6,1,7.108891762287106,6.24551522973219,4.873581724102305
36,5,0.6,2,7.102487582539804,6.295019931977892,4.6497521611698875
36,5,0.6,3,7.10515899254915,6.30525834506354,4.629652491862802
36,5,0.6,4,7.095731135410795,6.293379678257004,4.822547688842515
36,5,0.6,5,7.105398901116017,6.3841527484185825,4.885831298410296
36,5,0.6,6,7.106079789616126,6.367656372463275,4.852559810580235
36,5,0.6,7,7.135951246128696,6.02757590289837,4.6500080311744085
36,5,0.6,8,7.110756678152651,6.523583423123607,4.745131598542795
36,5,0.6,9,7.0923779710645025,6.419855471357477,4.805201672401445
36,5,0.7,0,7.077913467985167,6.3623453828670735,4.74075400417606
36,5,0.7,1,7.116734025465984,6.382156348178249,4.824674140318414
36,5,0.7,2,7.085175960843917,6.351949996398104,4.853029378598147
36,5,0.7,3,7.022691362202456,6.2223391646481545,4.7551187184901735
36,5,0.7,4,7.099430893517713,6.308738479173043,4.70431357503712
36,5,0.7,5,7.114194528563302,6.178722086417145,4.797534596595977
36,5,0.7,6,7.081704614558549,6.227757695379283,4.790284157035377
36,5,0.7,7,7.112109802104207,6.109246240139853,4.768848785864314
36,5,0.7,8,7.067816490368743,6.168622476681351,4.772476172416699
36,5,0.7,9,7.070155059410125,6.368022189455204,4.771844696000524
36,5,0.8,0,7.070328227352838,6.356819888466803,4.6931582329486465
36,5,0.8,1,7.06951041901529,6.271998526743716,4.881335246478727
36,5,0.8,2,7.058718916063871,6.349173424688041,4.863870859682546
36,5,0.8,3,7.071586257011043,6.18749359144726,4.770977792250947
36,5,0.8,4,7.081630118669928,6.323923321200884,4.859734750330835
36,5,0.8,5,7.0604140559199084,6.213951471315572,4.75632518598049
36,5,0.8,6,7.097426716249418,6.38188146713775,4.786252692512848
36,5,0.8,7,7.107518457610708,6.202911356716226,4.858377307630282
36,5,0.8,8,7.07324014946242,6.244875533889907,4.819071522254929
36,5,0.8,9,7.047120723818178,6.285690448944631,4.802136941753345
36,5,0.9,0,7.064126115450529,6.210826810560915,4.756153024453118
36,5,0.9,1,7.05955684418394,6.210212916468993,4.447745984727936
36,5,0.9,2,7.077339884321686,6.082912382485417,4.717948366367433
36,5,0.9,3,7.045032027961981,6.023592460913058,4.684996199064285
36,5,0.9,4,7.046410452093965,6.27905448161979,4.624468383877544
36,5,0.9,5,7.067927430070654,6.266986177203474,4.729290220344916
36,5,0.9,6,7.09835502776981,6.356948036315528,4.673994575204456
36,5,0.9,7,7.069733071916092,6.064687034992831,4.55120952125045
36,5,0.9,8,7.003445398515264,6.246342864405665,4.63620755123134
36,5,0.9,9,7.030826426113119,6.162862347070038,4.722978130051538
36,5,1.0,0,7.030770006262906,6.132540905907495,4.691677954859958
36,5,1.0,1,6.998354284861678,6.188751937399364,4.49665402824629
36,5,1.0,2,6.988984971881748,6.153453913476096,4.729459546192857
36,5,1.0,3,7.063762155356869,6.338827602336864,4.764582427405554
36,5,1.0,4,7.072418002212742,6.216341541247873,4.657668870470247
36,5,1.0,5,7.055562486105843,6.282818124011902,4.613490554516215
36,5,1.0,6,7.046043531921284,6.0228029790072934,4.535503092342387
36,5,1.0,7,7.020828022947029,6.037662382049014,4.675530289403811
36,5,1.0,8,7.009379531615736,6.048504952621673,4.716342993972511
36,5,1.0,9,7.091930947961985,6.248623804521253,4.740792171662635
36,5,0.0,0,7.178857797414499,7.178857797414438,5.150421179302047
