V,D,M_name,M_weight,ave_time_MP_APST4,std_time_MP_APST4,ave_peakRAM_MP_APST4,std_peakRAM_MP_APST4,ave_time_IT,std_time_IT,ave_peakRAM_IT, std_peakRAM_IT,ave_time_MD_MP_APST4,std_time_MD_MP_APST4,ave_peakRAM_MD_MP_APST4,std_peakRAM_MD_MP_APST4,ave_time_MD_IT,std_time_MD_IT,ave_peakRAM_MD_IT,std_peakRAM_MD_IT
36,5,shift_1,0.009345794392523364,0.41814212799072265,0.05643236072580623,1749276.8,8777.514181133518,0.004546356201171875,0.00018364556882174285,193,0.0,0,0,0,0,0,0,0,0
36,5,shift_2,0.009345794392523364,0.428464937210083,0.0686606553798142,1742848,44.8998886412873,0.01771836280822754,7.996631649282321e-05,193,0.0,0,0,0,0,0,0,0,0
36,5,shift_3,0.009345794392523364,0.38065595626831056,0.0034403260156381944,1749241.6,8798.620619165256,0.017702865600585937,5.781426867848088e-05,193,0.0,0,0,0,0,0,0,0,0
36,5,shift_4,0.009345794392523364,0.387999963760376,0.004225805812761114,1749241.6,8798.620619165256,0.019791030883789064,6.8510730961724e-05,193,0.0,0,0,0,0,0,0,0,0
36,5,shift_5,0.009345794392523364,0.3916822910308838,0.0021506811909958222,1749241.6,8798.620619165256,0.020321416854858398,0.00010614948331122083,193,0.0,0,0,0,0,0,0,0,0
36,5,shift_6,0.009345794392523364,0.42528376579284666,0.04332107822952855,1742848,44.8998886412873,0.020353364944458007,9.537121646046471e-05,193,0.0,0,0,0,0,0,0,0,0
36,5,shift_7,0.009345794392523364,0.45627584457397463,0.0604409594715052,1742865.6,53.48644688142969,0.028090572357177733,5.378667132782639e-05,193,0.0,0,0,0,0,0,0,0,0
36,5,shift_8,0.009345794392523364,0.3879715442657471,0.00489468597320819,1752478.4,8828.001631173389,0.02907261848449707,0.00010949898545212793,193,0.0,0,0,0,0,0,0,0,0
36,5,shift_9,0.009345794392523364,0.3903310298919678,0.001142133956939267,1752456,8807.384174657082,0.020913076400756837,9.238041575968535e-05,193,0.0,0,0,0,0,0,0,0,0
36,5,shift_10,0.009345794392523364,0.40588083267211916,0.034233153462672535,1752473.6,8783.339501579112,0.024974298477172852,0.00013877491276739193,193,0.0,0,0,0,0,0,0,0,0
36,5,shift_11,0.009345794392523364,0.4249855995178223,0.055169132998721414,1742848,44.8998886412873,0.021399927139282227,9.158554209542516e-05,193,0.0,0,0,0,0,0,0,0,0
36,5,shift_12,0.009345794392523364,0.386419677734375,0.005499158939669024,1749252.8,8813.97907871354,0.02795858383178711,8.200167791645258e-05,193,0.0,0,0,0,0,0,0,0,0
36,5,shift_13,0.009345794392523364,0.38451337814331055,0.0019202724940213089,1749241.6,8798.620619165256,0.033389949798583986,0.0007616593118981175,193,0.0,0,0,0,0,0,0,0,0
36,5,shift_14,0.009345794392523364,0.38964390754699707,0.002167395934089257,1749241.6,8798.620619165256,0.020633745193481445,6.632910281289173e-05,193,0.0,0,0,0,0,0,0,0,0
36,5,shift_15,0.009345794392523364,0.40389118194580076,0.0351336641827213,1746044.8,7175.18523802696,0.02040066719055176,0.00013781497193135543,193,0.0,0,0,0,0,0,0,0,0
36,5,shift_16,0.009345794392523364,0.4529285907745361,0.05618411930304267,1742865.6,53.48644688142969,0.02428908348083496,8.686577337278648e-05,193,0.0,0,0,0,0,0,0,0,0
36,5,shift_17,0.009345794392523364,0.3898021221160889,0.0015114110413790719,1752478.4,8828.001631173389,0.04015293121337891,0.0001025181315497753,193,0.0,0,0,0,0,0,0,0,0
36,5,shift_18,0.009345794392523364,0.3935548782348633,0.0016709293957701185,1752456,8807.384174657082,0.026024627685546874,5.061481000272646e-05,193,0.0,0,0,0,0,0,0,0,0
36,5,shift_19,0.009345794392523364,0.4055926322937012,0.032347394607915955,1752473.6,8783.339501579112,0.020313119888305663,0.00010803263844833143,193,0.0,0,0,0,0,0,0,0,0
36,5,shift_20,0.009345794392523364,0.4284989356994629,0.055931213925035285,1742848,44.8998886412873,0.017951345443725585,7.164420779817676e-05,193,0.0,0,0,0,0,0,0,0,0
36,5,shift_21,0.009345794392523364,0.3884326457977295,0.0031313430901903595,1749264,8829.381858318282,0.026031494140625,0.00010080088275798131,193,0.0,0,0,0,0,0,0,0,0
36,5,shift_22,0.009345794392523364,0.39155030250549316,0.004426556571983009,1749241.6,8798.620619165256,0.04279794692993164,0.00013203510268117342,193,0.0,0,0,0,0,0,0,0,0
36,5,shift_23,0.009345794392523364,0.3871403694152832,0.002551388363015033,1749241.6,8798.620619165256,0.02244987487792969,7.70471320023538e-05,193,0.0,0,0,0,0,0,0,0,0
36,5,shift_24,0.009345794392523364,0.4007758617401123,0.03573705926200846,1746044.8,7175.18523802696,0.022765159606933594,8.984490268650694e-05,193,0.0,0,0,0,0,0,0,0,0
36,5,shift_25,0.009345794392523364,0.44529876708984373,0.0537533708691805,1742865.6,53.48644688142969,0.025510597229003906,7.050005535689793e-05,193,0.0,0,0,0,0,0,0,0,0
36,5,shift_26,0.009345794392523364,0.41035146713256837,0.04880091538687443,1749259.2,8782.667658519249,0.02398967742919922,0.00010448080483868317,193,0.0,0,0,0,0,0,0,0,0
36,5,shift_27,0.009345794392523364,0.3905948162078857,0.004776683026729825,1752456,8807.384174657082,0.022736024856567384,7.112917730713599e-05,193,0.0,0,0,0,0,0,0,0,0
36,5,shift_28,0.009345794392523364,0.38851704597473147,0.0018125483337462043,1752456,8807.384174657082,0.038477087020874025,0.00011235393010349872,193,0.0,0,0,0,0,0,0,0,0
36,5,shift_29,0.009345794392523364,0.4230050563812256,0.047792993516379445,1746062.4,7178.807477568959,0.030218791961669923,7.516566850115479e-05,193,0.0,0,0,0,0,0,0,0,0
36,5,shift_30,0.009345794392523364,0.3875185489654541,0.0018211864967521947,1749264,8829.381858318282,0.02176985740661621,8.786340883400129e-05,193,0.0,0,0,0,0,0,0,0,0
36,5,shift_31,0.009345794392523364,0.390156888961792,0.0008421360119812564,1749241.6,8798.620619165256,0.043480730056762694,5.661916708492237e-05,193,0.0,0,0,0,0,0,0,0,0
36,5,shift_32,0.009345794392523364,0.39035663604736326,0.00205439133024497,1749241.6,8798.620619165256,0.03024749755859375,3.550932392843062e-05,193,0.0,0,0,0,0,0,0,0,0
36,5,shift_33,0.009345794392523364,0.4058382987976074,0.033231349074128905,1746044.8,7175.18523802696,0.022614765167236327,6.225496712505721e-05,193,0.0,0,0,0,0,0,0,0,0
36,5,shift_34,0.009345794392523364,0.44399323463439944,0.04861383434214295,1742865.6,53.48644688142969,0.022346878051757814,5.6203001854094315e-05,193,0.0,0,0,0,0,0,0,0,0
36,5,shift_35,0.009345794392523364,0.41036033630371094,0.045775883469037534,1749281.6,8813.428663125378,0.023315858840942384,0.00011383774370578341,193,0.0,0,0,0,0,0,0,0,0
36,5,shift_36,0.009345794392523364,0.3832287311553955,0.003093288767539729,1752456,8807.384174657082,0.022458600997924804,3.4346097574436174e-05,193,0.0,0,0,0,0,0,0,0,0
36,5,shift_37,0.009345794392523364,0.3890853404998779,0.002047491030021313,1752456,8807.384174657082,0.02919483184814453,0.00014717022902150796,193,0.0,0,0,0,0,0,0,0,0
36,5,shift_38,0.009345794392523364,0.42271108627319337,0.04930398797620224,1746062.4,7178.807477568959,0.02253890037536621,0.00011684724053051632,193,0.0,0,0,0,0,0,0,0,0
36,5,shift_39,0.009345794392523364,0.4130229949951172,0.05172173115571801,1746067.2,7225.272534652239,0.030988264083862304,0.00013549260935231345,193,0.0,0,0,0,0,0,0,0,0
36,5,shift_40,0.009345794392523364,0.3898470401763916,0.0028554573811331863,1749241.6,8798.620619165256,0.05504026412963867,0.00022847495819410064,193,0.0,0,0,0,0,0,0,0,0
36,5,shift_41,0.009345794392523364,0.39195756912231444,0.005679262397042066,1749241.6,8798.620619165256,0.024089527130126954,8.767231781161653e-05,193,0.0,0,0,0,0,0,0,0,0
36,5,shift_42,0.009345794392523364,0.39327297210693357,0.0017141524656985481,1749241.6,8798.620619165256,0.021743154525756835,0.00012970744225632494,193,0.0,0,0,0,0,0,0,0,0
36,5,shift_43,0.009345794392523364,0.44518747329711916,0.05187169994492695,1742865.6,53.48644688142969,0.020227718353271484,6.0316225173615976e-05,193,0.0,0,0,0,0,0,0,0,0
36,5,shift_44,0.009345794392523364,0.4104007244110107,0.04372617324771032,1749281.6,8813.428663125378,0.02401080131530762,8.567683683076501e-05,193,0.0,0,0,0,0,0,0,0,0
36,5,shift_45,0.009345794392523364,0.3880502700805664,0.002129338643372827,1752456,8807.384174657082,0.019687175750732422,0.00010995672560082964,193,0.0,0,0,0,0,0,0,0,0
36,5,shift_46,0.009345794392523364,0.39214563369750977,0.005539518604589594,1752456,8807.384174657082,0.029836034774780272,9.63561541934209e-05,193,0.0,0,0,0,0,0,0,0,0
36,5,shift_47,0.009345794392523364,0.4235677719116211,0.04895318886070684,1746062.4,7178.807477568959,0.028578996658325195,9.529751956901304e-05,193,0.0,0,0,0,0,0,0,0,0
36,5,shift_48,0.009345794392523364,0.4081737518310547,0.05036001454707628,1746067.2,7225.272534652239,0.022005558013916016,0.00018509275943548678,193,0.0,0,0,0,0,0,0,0,0
36,5,shift_49,0.009345794392523364,0.3890665054321289,0.0037296811373294676,1749241.6,8798.620619165256,0.01916961669921875,0.00010408266769000078,193,0.0,0,0,0,0,0,0,0,0
36,5,shift_50,0.009345794392523364,0.39295163154602053,0.0010416820896423766,1749241.6,8798.620619165256,0.023168182373046874,6.995596838733063e-05,193,0.0,0,0,0,0,0,0,0,0
36,5,shift_51,0.009345794392523364,0.3871208667755127,0.0027652506213344374,1749241.6,8798.620619165256,0.019603872299194337,7.867264005977751e-05,193,0.0,0,0,0,0,0,0,0,0
36,5,shift_52,0.009345794392523364,0.4452256679534912,0.04776856118214555,1742865.6,53.48644688142969,0.02339658737182617,0.00013999988905976114,193,0.0,0,0,0,0,0,0,0,0
36,5,shift_53,0.009345794392523364,0.41574954986572266,0.04153227243881431,1749281.6,8813.428663125378,0.017302227020263673,0.00010661701923354247,193,0.0,0,0,0,0,0,0,0,0
36,5,shift_54,0.009345794392523364,0.3823105335235596,0.0027837840722032686,1752456,8807.384174657082,0.018488216400146484,6.809353159559197e-05,193,0.0,0,0,0,0,0,0,0,0
36,5,shift_55,0.009345794392523364,0.3940141201019287,0.0017688170101219838,1752456,8807.384174657082,0.02080426216125488,9.899448332991718e-05,193,0.0,0,0,0,0,0,0,0,0
36,5,shift_56,0.009345794392523364,0.4248084545135498,0.04469198686438339,1746062.4,7178.807477568959,0.02542223930358887,0.0002188167350359508,193,0.0,0,0,0,0,0,0,0,0
36,5,shift_57,0.009345794392523364,0.43278117179870607,0.05956998451166671,1742848,44.8998886412873,0.021670722961425783,0.00012223372008948104,193,0.0,0,0,0,0,0,0,0,0
36,5,shift_58,0.009345794392523364,0.3929253101348877,0.0029986459143897005,1749241.6,8798.620619165256,0.02365083694458008,6.048726809792495e-05,193,0.0,0,0,0,0,0,0,0,0
36,5,shift_59,0.009345794392523364,0.39066400527954104,0.0036004393109613777,1749241.6,8798.620619165256,0.019962120056152343,2.3168594540592708e-05,193,0.0,0,0,0,0,0,0,0,0
36,5,shift_60,0.009345794392523364,0.3850070953369141,0.0017005871752346958,1749241.6,8798.620619165256,0.02421417236328125,0.00011303889744387916,193,0.0,0,0,0,0,0,0,0,0
36,5,shift_61,0.009345794392523364,0.4216604709625244,0.04701928171375119,1742848,44.8998886412873,0.02363286018371582,5.506375026595743e-05,193,0.0,0,0,0,0,0,0,0,0
36,5,shift_62,0.009345794392523364,0.430115270614624,0.05547123361449075,1746084.8,7215.522378871817,0.02341904640197754,9.893187486571552e-05,193,0.0,0,0,0,0,0,0,0,0
36,5,shift_63,0.009345794392523364,0.3922101974487305,0.0029651033414678095,1752467.2,8817.663363953061,0.01842975616455078,9.30854345874683e-05,193,0.0,0,0,0,0,0,0,0,0
36,5,shift_64,0.009345794392523364,0.39398746490478515,0.002449304607326785,1752456,8807.384174657082,0.022089052200317382,8.198902607254953e-05,193,0.0,0,0,0,0,0,0,0,0
36,5,shift_65,0.009345794392523364,0.4218174457550049,0.040296658048067154,1749276.8,8777.514181133518,0.021887731552124024,0.0002029102775183144,193,0.0,0,0,0,0,0,0,0,0
36,5,shift_66,0.009345794392523364,0.4425097942352295,0.06451503105760152,1742848,44.8998886412873,0.02240443229675293,0.0001025265037329696,193,0.0,0,0,0,0,0,0,0,0
36,5,shift_67,0.009345794392523364,0.3918601989746094,0.002679380315520151,1749241.6,8798.620619165256,0.0215087890625,4.400570194141669e-05,193,0.0,0,0,0,0,0,0,0,0
36,5,shift_68,0.009345794392523364,0.3914311408996582,0.0010696768839728,1749241.6,8798.620619165256,0.022826385498046876,4.3918682575620824e-05,193,0.0,0,0,0,0,0,0,0,0
36,5,shift_69,0.009345794392523364,0.3870529651641846,0.002564952469064298,1749241.6,8798.620619165256,0.03525896072387695,0.00011479878103721348,193,0.0,0,0,0,0,0,0,0,0
36,5,shift_70,0.009345794392523364,0.41512298583984375,0.043071009549905635,1742848,44.8998886412873,0.030025339126586913,0.00012157332496477327,193,0.0,0,0,0,0,0,0,0,0
36,5,shift_71,0.009345794392523364,0.4489265441894531,0.049914014613675096,1742865.6,53.48644688142969,0.02759890556335449,0.00016062896848092497,193,0.0,0,0,0,0,0,0,0,0
36,5,shift_72,0.009345794392523364,0.4109475612640381,0.046796098478033205,1749259.2,8782.667658519249,0.019898414611816406,5.9367662435416304e-05,193,0.0,0,0,0,0,0,0,0,0
36,5,shift_73,0.009345794392523364,0.39304537773132325,0.0036530895037076225,1752456,8807.384174657082,0.025741434097290038,0.00012134599277094851,193,0.0,0,0,0,0,0,0,0,0
36,5,shift_74,0.009345794392523364,0.3932331085205078,0.002640387210341466,1752456,8807.384174657082,0.021869564056396486,4.933150617297804e-05,193,0.0,0,0,0,0,0,0,0,0
36,5,shift_75,0.009345794392523364,0.4299569606781006,0.051966343099362655,1746062.4,7178.807477568959,0.020369577407836913,0.00014777340477315862,193,0.0,0,0,0,0,0,0,0,0
36,5,shift_76,0.009345794392523364,0.3933903694152832,0.003365221833017403,1749264,8829.381858318282,0.03872103691101074,0.000148915870426623,193,0.0,0,0,0,0,0,0,0,0
36,5,shift_77,0.009345794392523364,0.39170022010803224,0.00200815360538236,1749241.6,8798.620619165256,0.02984027862548828,0.0001134628732544319,193,0.0,0,0,0,0,0,0,0,0
36,5,shift_78,0.009345794392523364,0.38886423110961915,0.0017292945638583115,1749241.6,8798.620619165256,0.023298025131225586,6.672568939839924e-05,193,0.0,0,0,0,0,0,0,0,0
36,5,shift_79,0.009345794392523364,0.4036255836486816,0.03304432209825175,1746044.8,7175.18523802696,0.02929263114929199,4.25232753248795e-05,193,0.0,0,0,0,0,0,0,0,0
36,5,shift_80,0.009345794392523364,0.4515983581542969,0.05529384699265733,1742865.6,53.48644688142969,0.026728105545043946,6.88917074932727e-05,193,0.0,0,0,0,0,0,0,0,0
36,5,shift_81,0.009345794392523364,0.4118806838989258,0.04690599568361409,1749281.6,8813.428663125378,0.02089581489562988,0.00010115476852487967,193,0.0,0,0,0,0,0,0,0,0
36,5,shift_82,0.009345794392523364,0.3892331600189209,0.0016723156835310132,1752456,8807.384174657082,0.03053574562072754,8.785528920968531e-05,193,0.0,0,0,0,0,0,0,0,0
36,5,shift_83,0.009345794392523364,0.38985567092895507,0.0028301733710225023,1752456,8807.384174657082,0.03791351318359375,0.00021561691037395592,193,0.0,0,0,0,0,0,0,0,0
36,5,shift_84,0.009345794392523364,0.4211540222167969,0.048097589175491826,1746062.4,7178.807477568959,0.028929805755615233,0.0001097197793754859,193,0.0,0,0,0,0,0,0,0,0
36,5,shift_85,0.009345794392523364,0.4120306968688965,0.05013635279971385,1746067.2,7225.272534652239,0.020070648193359374,0.00026442687424200356,193,0.0,0,0,0,0,0,0,0,0
36,5,shift_86,0.009345794392523364,0.3911181926727295,0.0025065008641161567,1749241.6,8798.620619165256,0.02536463737487793,7.75456199455374e-05,193,0.0,0,0,0,0,0,0,0,0
36,5,shift_87,0.009345794392523364,0.3898446083068848,0.0024942807390077545,1749241.6,8798.620619165256,0.020379400253295897,8.144020607602081e-05,193,0.0,0,0,0,0,0,0,0,0
36,5,shift_88,0.009345794392523364,0.39034180641174315,0.003929514981895359,1749241.6,8798.620619165256,0.029477310180664063,0.0001113528862524804,193,0.0,0,0,0,0,0,0,0,0
36,5,shift_89,0.009345794392523364,0.44552459716796877,0.05139837368482899,1742865.6,53.48644688142969,0.03309221267700195,0.00015093302774180079,193,0.0,0,0,0,0,0,0,0,0
36,5,shift_90,0.009345794392523364,0.41460728645324707,0.04709382854542141,1749281.6,8813.428663125378,0.03274102210998535,0.00037714749939578665,193,0.0,0,0,0,0,0,0,0,0
36,5,shift_91,0.009345794392523364,0.3926328182220459,0.0030186230796750914,1752456,8807.384174657082,0.03642153739929199,0.00015218997644801522,193,0.0,0,0,0,0,0,0,0,0
36,5,shift_92,0.009345794392523364,0.39504780769348147,0.0026922038174692904,1752456,8807.384174657082,0.030510520935058592,5.231443679805911e-05,193,0.0,0,0,0,0,0,0,0,0
36,5,shift_93,0.009345794392523364,0.43196725845336914,0.05314107432172867,1746062.4,7178.807477568959,0.02318544387817383,6.34655748082515e-05,193,0.0,0,0,0,0,0,0,0,0
36,5,shift_94,0.009345794392523364,0.4159764289855957,0.04966935546341261,1746067.2,7225.272534652239,0.023893070220947266,4.381826045445797e-05,193,0.0,0,0,0,0,0,0,0,0
36,5,shift_95,0.009345794392523364,0.3896030902862549,0.0011729793619282352,1749241.6,8798.620619165256,0.03166275024414063,3.405315129975867e-05,193,0.0,0,0,0,0,0,0,0,0
36,5,shift_96,0.009345794392523364,0.38667750358581543,0.001129263565816899,1749241.6,8798.620619165256,0.018649911880493163,7.882837198124637e-05,193,0.0,0,0,0,0,0,0,0,0
36,5,shift_97,0.009345794392523364,0.38953337669372556,0.002939801911475707,1749241.6,8798.620619165256,0.0221498966217041,8.28669380699366e-05,193,0.0,0,0,0,0,0,0,0,0
36,5,shift_98,0.009345794392523364,0.4418966770172119,0.04819543872820054,1742865.6,53.48644688142969,0.032376670837402345,9.483435775871136e-05,193,0.0,0,0,0,0,0,0,0,0
36,5,shift_99,0.009345794392523364,0.415858793258667,0.041657319739467034,1749281.6,8813.428663125378,0.03546948432922363,6.345796126272206e-05,193,0.0,0,0,0,0,0,0,0,0
36,5,shift_100,0.009345794392523364,0.3946225643157959,0.0028130416237887087,1752456,8807.384174657082,0.018547821044921874,6.682919979439076e-05,193,0.0,0,0,0,0,0,0,0,0
36,5,shift_101,0.009345794392523364,0.39179348945617676,0.0039604847458343155,1752456,8807.384174657082,0.015931320190429688,0.000117229157057614,193,0.0,0,0,0,0,0,0,0,0
36,5,shift_102,0.009345794392523364,0.4211799144744873,0.04295337214625975,1746062.4,7178.807477568959,0.020352745056152345,5.888856856357584e-05,193,0.0,0,0,0,0,0,0,0,0
36,5,shift_103,0.009345794392523364,0.4376200199127197,0.06097321352540584,1742848,44.8998886412873,0.01743183135986328,5.85016719059993e-05,193,0.0,0,0,0,0,0,0,0,0
36,5,shift_104,0.009345794392523364,0.3916292667388916,0.0011875383321490053,1749241.6,8798.620619165256,0.017022705078125,6.980589009137814e-05,193,0.0,0,0,0,0,0,0,0,0
36,5,shift_105,0.009345794392523364,0.38582258224487304,0.0029220040415715662,1749241.6,8798.620619165256,0.019802331924438477,7.622182685948412e-05,193,0.0,0,0,0,0,0,0,0,0
36,5,shift_106,0.009345794392523364,0.3869306564331055,0.0033120322339988116,1749241.6,8798.620619165256,0.019833755493164063,9.918662780865224e-05,193,0.0,0,0,0,0,0,0,0,0
36,5,shift_107,0.009345794392523364,0.41245498657226565,0.04851030564147225,1742848,44.8998886412873,0.0038967132568359375,5.782940809076717e-05,193,0.0,0,0,0,0,0,0,0,0
36,5,MD,0,0,0,0,0,0,0,0,0,2281.9873000144958,9.978996314610962,223.4145378112793,0.0020464590483552925,1.0111519846,0.07355029182856071,193,0.0
